﻿"Cube Title","Product Id","CANSIM Id",URL,"Cube Notes","Archive Status",Frequency,"Start Reference Period","End Reference Period","Total number of dimensions"
"Labour force characteristics by occupation, annual","14100335",,"https://www150.statcan.gc.ca/t1/tbl1/en/tv.action?pid=1410033501",1;2;12;15,"CURRENT - a cube available to the public and that is current","Annual","1987-01-01","2021-01-01","4",

"Dimension ID","Dimension name","Dimension Notes","Dimension Definitions"
"1","Geography",13,""
"2","Labour force characteristics",,""
"3","National Occupational Classification (NOC)",9,""
"4","Sex",,""

"Dimension ID","Member Name","Classification Code","Member ID","Parent Member ID",Terminated,"Member Notes","Member Definitions"
"1","Canada","[11124]","1","","",,
"1","Newfoundland and Labrador","[10]","2","1","",,
"1","Prince Edward Island","[11]","3","1","",,
"1","Nova Scotia","[12]","4","1","",,
"1","New Brunswick","[13]","5","1","",,
"1","Quebec","[24]","6","1","",,
"1","Ontario","[35]","7","1","",,
"1","Manitoba","[46]","8","1","",,
"1","Saskatchewan","[47]","9","1","",,
"1","Alberta","[48]","10","1","",,
"1","British Columbia","[59]","11","1","",,
"2","Labour force","","1","","",3,
"2","Employment","","2","1","",4,
"2","Full-time employment","","3","2","",5,
"2","Part-time employment","","4","2","",6,
"2","Unemployment","","5","1","",7,
"2","Unemployment rate","","6","","",8,
"2","Proportion of employment","","7","","",14,
"3","Total, all occupations","","1","","",10,
"3","Management occupations","[0]","2","1","",,
"3","Senior management occupations","[00]","3","2","",,
"3","Specialized middle management occupations","[01-05]","4","2","",,
"3","Middle management occupations in retail and wholesale trade and customer services","[06]","5","2","",,
"3","Middle management occupations in trades, transportation, production and utilities","[07-09]","6","2","",,
"3","Business, finance and administration occupations","[1]","7","1","",,
"3","Professional occupations in business and finance","[11]","8","7","",,
"3","Administrative and financial supervisors and administrative occupations","[12]","9","7","",,
"3","Finance, insurance and related business administrative occupations","[13]","10","7","",,
"3","Office support occupations","[14]","11","7","",,
"3","Distribution, tracking and scheduling co-ordination occupations","[15]","12","7","",,
"3","Natural and applied sciences and related occupations","[2]","13","1","",,
"3","Professional occupations in natural and applied sciences","[21]","14","13","",,
"3","Technical occupations related to natural and applied sciences","[22]","15","13","",,
"3","Health occupations","[3]","16","1","",,
"3","Professional occupations in nursing","[30]","17","16","",,
"3","Professional occupations in health (except nursing)","[31]","18","16","",,
"3","Technical occupations in health","[32]","19","16","",,
"3","Assisting occupations in support of health services","[34]","20","16","",,
"3","Occupations in education, law and social, community and government services","[4]","21","1","",,
"3","Professional occupations in education services","[40]","22","21","",,
"3","Professional occupations in law and social, community and government services","[41]","23","21","",,
"3","Paraprofessional occupations in legal, social, community and education services","[42]","24","21","",,
"3","Occupations in front-line public protection services","[43]","25","21","",,
"3","Care providers and educational, legal and public protection support occupations","[44]","26","21","",,
"3","Occupations in art, culture, recreation and sport","[5]","27","1","",,
"3","Professional occupations in art and culture","[51]","28","27","",,
"3","Technical occupations in art, culture, recreation and sport","[52]","29","27","",,
"3","Sales and service occupations","[6]","30","1","",,
"3","Retail sales supervisors and specialized sales occupations","[62]","31","30","",,
"3","Service supervisors and specialized service occupations","[63]","32","30","",,
"3","Sales representatives and salespersons - wholesale and retail trade","[64]","33","30","",,
"3","Service representatives and other customer and personal services occupations","[65]","34","30","",,
"3","Sales support occupations","[66]","35","30","",,
"3","Service support and other service occupations, n.e.c.","[67]","36","30","",,
"3","Trades, transport and equipment operators and related occupations","[7]","37","1","",,
"3","Industrial, electrical and construction trades","[72]","38","37","",,
"3","Maintenance and equipment operation trades","[73]","39","37","",,
"3","Other installers, repairers and servicers and material handlers","[74]","40","37","",,
"3","Transport and heavy equipment operation and related maintenance occupations","[75]","41","37","",,
"3","Trades helpers, construction labourers and related occupations","[76]","42","37","",,
"3","Natural resources, agriculture and related production occupations","[8]","43","1","",,
"3","Supervisors and technical occupations in natural resources, agriculture and related production","[82]","44","43","",,
"3","Workers in natural resources, agriculture and related production","[84]","45","43","",,
"3","Harvesting, landscaping and natural resources labourers","[86]","46","43","",,
"3","Occupations in manufacturing and utilities","[9]","47","1","",,
"3","Processing, manufacturing and utilities supervisors and central control operators","[92]","48","47","",,
"3","Processing and manufacturing machine operators and related production workers","[94]","49","47","",,
"3","Assemblers in manufacturing","[95]","50","47","",,
"3","Labourers in processing, manufacturing and utilities","[96]","51","47","",,
"3","Unclassified occupations","","52","1","",11,
"4","Both sexes","","1","","",,
"4","Males","","2","1","",,
"4","Females","","3","1","",,

Symbol Legend
Description,Symbol
"not available for a specific reference period","..",
"less than the limit of detection","<LOD",
"value rounded to 0 (zero) where there is a meaningful distinction between true zero and the value that was rounded","0s",
"data quality: excellent","A",
"data quality: very good","B",
"data quality: good","C",
"data quality: acceptable","D",
"use with caution","E",
"too unreliable to be published","F",
"not applicable","...",
"preliminary","p",
"revised","r",
"suppressed to meet the confidentiality requirements of the Statistics Act","x",
"terminated","t",

"Survey Code","Survey Name"
"3701","Labour Force Survey"

"Subject Code","Subject Name"
"14","Labour"

"Note ID",Note
1,"To ensure respondent confidentiality, estimates below a certain threshold are suppressed. For Canada, Quebec, Ontario, Alberta and British Columbia suppression is applied to all data below 1,500. The threshold level for Newfoundland and Labrador, Nova Scotia, New Brunswick, Manitoba and Saskatchewan is 500, while in Prince Edward Island, estimates under 200 are supressed. For census metropolitan areas (CMAs) and economic regions (ERs), use their respective provincial suppression levels mentioned above. Estimates are based on smaller sample sizes the more detailed the table becomes, which could result in lower data quality."
2,"For approximate quality indicators of the estimates, see tables 7.1 or 7.2 in the <a href="http://www5.statcan.gc.ca/olc-cel/olc.action?ObjId=71-543-G&ObjType=2&lang=en&limit=0">Guide to the Labour Force Survey</a>. For quality indicators of specific data points, contact statcan.labour-travail.statcan@canada.ca."
12,"This new table replaces archived table 14-10-0025-01."
15,"On April 5, 2019, this table replaced archived table 14-10-0297."
13,"Excluding the territories."
3,"Number of civilian, non-institutionalized persons 15 years of age and over who, during the reference week, were employed or unemployed. Estimates in thousands, rounded to the nearest hundred."
4,"Number of persons who, during the reference week, worked for pay or profit, or performed unpaid family work or had a job but were not at work due to own illness or disability, personal or family responsibilities, labour dispute, vacation, or other reason. Those persons on layoff and persons without work but who had a job to start at a definite date in the future are not considered employed. Estimates in thousands, rounded to the nearest hundred."
5,"Full-time employment consists of persons who usually work 30 hours or more per week at their main or only job. Estimates in thousands, rounded to the nearest hundred."
6,"Part-time employment consists of persons who usually work less than 30 hours per week at their main or only job. Estimates in thousands, rounded to the nearest hundred."
7,"Number of persons who, during the reference week, were without work, had looked for work in the past four weeks, and were available for work. Those persons on layoff or who had a new job to start in four weeks or less are considered unemployed. Estimates in thousands, rounded to the nearest hundred."
8,"The unemployment rate is the number of unemployed persons expressed as a percentage of the labour force. The unemployment rate for a particular group (age, sex, marital status, etc.) is the number unemployed in that group expressed as a percentage of the labour force for that group. Estimates are percentages, rounded to the nearest tenth."
14,"The proportion of employment for a particular group (e.g., occupation, sex or geography) is the number of persons employed in that group expressed as a proportion of total employment. Estimates are percentages, rounded to the nearest tenth."
9,"Occupation estimates are based on the 2016 National Occupational Classification (NOC). Occupation refers to the kind of work persons 15 years of age and over were doing during the reference week, as determined by the kind of work reported and the description of the most important duties of the job. If the individual did not have a job during the reference week, the data relate to the previous job, if that job was held in the past year."
10,"This combines the National Occupational Classification (NOC) codes 00 to 96."
11,"Unemployed persons who have never worked before, and those unemployed persons who last worked more than 1 year ago."

"Correction ID","Correction Date","Correction Note"
